quality_attribute,keyword,matched_word,sentence,source,author,repo,version,wiki,url,attribute_desc,prompt,false_positive,reasoning
Usability,guid,guidelines,Added some rough guidelines to describe the new PR/commit workflow.,MatchSource.ISSUE,psi4,psi4,v1.9.1,http://psicode.org,https://github.com/psi4/psi4/pull/254,"The degree to which users can effectively and efficiently accomplish tasks, including support for error recovery and user satisfaction. Usability covers ease of learning, efficient usage, and adaptability to user needs.","
You are an expert in evaluating and categorizing quality attributes in software engineering. You possess the necessary skills to distinguish sentences that clearly relate to a given quality attribute from those that do not. 

Evaluate whether the content accurately aligns with its associated quality attribute, given the context provided. Your goal is to determine if the content makes sense in relation to the quality attribute description or if it is a false positive.

Data:

Quality Attribute: Usability
Attribute Description: The degree to which users can effectively and efficiently accomplish tasks, including support for error recovery and user satisfaction. Usability covers ease of learning, efficient usage, and adaptability to user needs.
Content: Added some rough guidelines to describe the new PR/commit workflow.

Instructions: 
1. Analyze the content and the attribute description.
2. Determine if the content accurately reflects the intended quality attribute in this context.
3. If it does, label it as an accurate match; if not, mark it as a false positive.
4. Output only the JSON object in response, without any additional explanation.
5. Ensure the JSON output is properly formatted. Escape any special characters or inner quotes in strings to ensure compatibility with JSON parsers. Within JSON strings use \"" to escape double quotes.

Output your response as a JSON object in the following format:
{
  ""false_positive"": <boolean>,
  ""reasoning"": ""<str>""
}
",True,"The provided content (addition of rough guidelines) is not directly related to the quality attribute of Usability, which focuses on user effectiveness, efficiency, and ease of learning."
Usability,usab,usable,make DKH usable again,MatchSource.ISSUE,psi4,psi4,v1.9.1,http://psicode.org,https://github.com/psi4/psi4/pull/572,"The degree to which users can effectively and efficiently accomplish tasks, including support for error recovery and user satisfaction. Usability covers ease of learning, efficient usage, and adaptability to user needs.","
You are an expert in evaluating and categorizing quality attributes in software engineering. You possess the necessary skills to distinguish sentences that clearly relate to a given quality attribute from those that do not. 

Evaluate whether the content accurately aligns with its associated quality attribute, given the context provided. Your goal is to determine if the content makes sense in relation to the quality attribute description or if it is a false positive.

Data:

Quality Attribute: Usability
Attribute Description: The degree to which users can effectively and efficiently accomplish tasks, including support for error recovery and user satisfaction. Usability covers ease of learning, efficient usage, and adaptability to user needs.
Content: make DKH usable again

Instructions: 
1. Analyze the content and the attribute description.
2. Determine if the content accurately reflects the intended quality attribute in this context.
3. If it does, label it as an accurate match; if not, mark it as a false positive.
4. Output only the JSON object in response, without any additional explanation.
5. Ensure the JSON output is properly formatted. Escape any special characters or inner quotes in strings to ensure compatibility with JSON parsers. Within JSON strings use \"" to escape double quotes.

Output your response as a JSON object in the following format:
{
  ""false_positive"": <boolean>,
  ""reasoning"": ""<str>""
}
",True,"The content simply states that something should be made usable, without providing any specific details or context regarding usability improvement or addressing the attribute description's focus on user effectiveness and efficiency."
Usability,clear,clear,appease numpy and clear thermo,MatchSource.ISSUE,psi4,psi4,v1.9.1,http://psicode.org,https://github.com/psi4/psi4/pull/985,"The degree to which users can effectively and efficiently accomplish tasks, including support for error recovery and user satisfaction. Usability covers ease of learning, efficient usage, and adaptability to user needs.","
You are an expert in evaluating and categorizing quality attributes in software engineering. You possess the necessary skills to distinguish sentences that clearly relate to a given quality attribute from those that do not. 

Evaluate whether the content accurately aligns with its associated quality attribute, given the context provided. Your goal is to determine if the content makes sense in relation to the quality attribute description or if it is a false positive.

Data:

Quality Attribute: Usability
Attribute Description: The degree to which users can effectively and efficiently accomplish tasks, including support for error recovery and user satisfaction. Usability covers ease of learning, efficient usage, and adaptability to user needs.
Content: appease numpy and clear thermo

Instructions: 
1. Analyze the content and the attribute description.
2. Determine if the content accurately reflects the intended quality attribute in this context.
3. If it does, label it as an accurate match; if not, mark it as a false positive.
4. Output only the JSON object in response, without any additional explanation.
5. Ensure the JSON output is properly formatted. Escape any special characters or inner quotes in strings to ensure compatibility with JSON parsers. Within JSON strings use \"" to escape double quotes.

Output your response as a JSON object in the following format:
{
  ""false_positive"": <boolean>,
  ""reasoning"": ""<str>""
}
",True,"The provided content 'appease numpy and clear thermo' does not relate to the quality attribute of Usability, which focuses on user-related aspects such as ease of learning and efficiency."
Usability,clear,clear,clear filesystem from FISAPT,MatchSource.ISSUE,psi4,psi4,v1.9.1,http://psicode.org,https://github.com/psi4/psi4/pull/1098,"The degree to which users can effectively and efficiently accomplish tasks, including support for error recovery and user satisfaction. Usability covers ease of learning, efficient usage, and adaptability to user needs.","
You are an expert in evaluating and categorizing quality attributes in software engineering. You possess the necessary skills to distinguish sentences that clearly relate to a given quality attribute from those that do not. 

Evaluate whether the content accurately aligns with its associated quality attribute, given the context provided. Your goal is to determine if the content makes sense in relation to the quality attribute description or if it is a false positive.

Data:

Quality Attribute: Usability
Attribute Description: The degree to which users can effectively and efficiently accomplish tasks, including support for error recovery and user satisfaction. Usability covers ease of learning, efficient usage, and adaptability to user needs.
Content: clear filesystem from FISAPT

Instructions: 
1. Analyze the content and the attribute description.
2. Determine if the content accurately reflects the intended quality attribute in this context.
3. If it does, label it as an accurate match; if not, mark it as a false positive.
4. Output only the JSON object in response, without any additional explanation.
5. Ensure the JSON output is properly formatted. Escape any special characters or inner quotes in strings to ensure compatibility with JSON parsers. Within JSON strings use \"" to escape double quotes.

Output your response as a JSON object in the following format:
{
  ""false_positive"": <boolean>,
  ""reasoning"": ""<str>""
}
",True,"Clearing the filesystem does not directly relate to usability, which concerns user effectiveness and satisfaction."
Usability,clear,clears,"Fixes #1309, clears DCT files correctly.",MatchSource.ISSUE,psi4,psi4,v1.9.1,http://psicode.org,https://github.com/psi4/psi4/pull/1310,"The degree to which users can effectively and efficiently accomplish tasks, including support for error recovery and user satisfaction. Usability covers ease of learning, efficient usage, and adaptability to user needs.","
You are an expert in evaluating and categorizing quality attributes in software engineering. You possess the necessary skills to distinguish sentences that clearly relate to a given quality attribute from those that do not. 

Evaluate whether the content accurately aligns with its associated quality attribute, given the context provided. Your goal is to determine if the content makes sense in relation to the quality attribute description or if it is a false positive.

Data:

Quality Attribute: Usability
Attribute Description: The degree to which users can effectively and efficiently accomplish tasks, including support for error recovery and user satisfaction. Usability covers ease of learning, efficient usage, and adaptability to user needs.
Content: Fixes #1309, clears DCT files correctly.

Instructions: 
1. Analyze the content and the attribute description.
2. Determine if the content accurately reflects the intended quality attribute in this context.
3. If it does, label it as an accurate match; if not, mark it as a false positive.
4. Output only the JSON object in response, without any additional explanation.
5. Ensure the JSON output is properly formatted. Escape any special characters or inner quotes in strings to ensure compatibility with JSON parsers. Within JSON strings use \"" to escape double quotes.

Output your response as a JSON object in the following format:
{
  ""false_positive"": <boolean>,
  ""reasoning"": ""<str>""
}
",True,"The content only mentions fixing a technical issue related to file clearing, which does not directly relate to the broader concept of usability as defined in the attribute description."
Usability,simpl,simple,Add simple print statements for scratch directory,MatchSource.ISSUE,psi4,psi4,v1.9.1,http://psicode.org,https://github.com/psi4/psi4/pull/1731,"The degree to which users can effectively and efficiently accomplish tasks, including support for error recovery and user satisfaction. Usability covers ease of learning, efficient usage, and adaptability to user needs.","
You are an expert in evaluating and categorizing quality attributes in software engineering. You possess the necessary skills to distinguish sentences that clearly relate to a given quality attribute from those that do not. 

Evaluate whether the content accurately aligns with its associated quality attribute, given the context provided. Your goal is to determine if the content makes sense in relation to the quality attribute description or if it is a false positive.

Data:

Quality Attribute: Usability
Attribute Description: The degree to which users can effectively and efficiently accomplish tasks, including support for error recovery and user satisfaction. Usability covers ease of learning, efficient usage, and adaptability to user needs.
Content: Add simple print statements for scratch directory

Instructions: 
1. Analyze the content and the attribute description.
2. Determine if the content accurately reflects the intended quality attribute in this context.
3. If it does, label it as an accurate match; if not, mark it as a false positive.
4. Output only the JSON object in response, without any additional explanation.
5. Ensure the JSON output is properly formatted. Escape any special characters or inner quotes in strings to ensure compatibility with JSON parsers. Within JSON strings use \"" to escape double quotes.

Output your response as a JSON object in the following format:
{
  ""false_positive"": <boolean>,
  ""reasoning"": ""<str>""
}
",True,"The addition of simple print statements to the scratch directory does not relate to the quality attribute of usability, which involves ease of learning, efficient usage, and adaptability to user needs."
Usability,clear,clear,"bump ambit, clear addons from azure",MatchSource.ISSUE,psi4,psi4,v1.9.1,http://psicode.org,https://github.com/psi4/psi4/pull/2546,"The degree to which users can effectively and efficiently accomplish tasks, including support for error recovery and user satisfaction. Usability covers ease of learning, efficient usage, and adaptability to user needs.","
You are an expert in evaluating and categorizing quality attributes in software engineering. You possess the necessary skills to distinguish sentences that clearly relate to a given quality attribute from those that do not. 

Evaluate whether the content accurately aligns with its associated quality attribute, given the context provided. Your goal is to determine if the content makes sense in relation to the quality attribute description or if it is a false positive.

Data:

Quality Attribute: Usability
Attribute Description: The degree to which users can effectively and efficiently accomplish tasks, including support for error recovery and user satisfaction. Usability covers ease of learning, efficient usage, and adaptability to user needs.
Content: bump ambit, clear addons from azure

Instructions: 
1. Analyze the content and the attribute description.
2. Determine if the content accurately reflects the intended quality attribute in this context.
3. If it does, label it as an accurate match; if not, mark it as a false positive.
4. Output only the JSON object in response, without any additional explanation.
5. Ensure the JSON output is properly formatted. Escape any special characters or inner quotes in strings to ensure compatibility with JSON parsers. Within JSON strings use \"" to escape double quotes.

Output your response as a JSON object in the following format:
{
  ""false_positive"": <boolean>,
  ""reasoning"": ""<str>""
}
",True,"The provided content 'bump ambit, clear addons from azure' does not relate to the quality attribute 'Usability', which concerns user effectiveness, ease of learning, and adaptability."
Usability,clear,clears,`AtomicComputer` clears options state,MatchSource.ISSUE,psi4,psi4,v1.9.1,http://psicode.org,https://github.com/psi4/psi4/issues/2733,"The degree to which users can effectively and efficiently accomplish tasks, including support for error recovery and user satisfaction. Usability covers ease of learning, efficient usage, and adaptability to user needs.","
You are an expert in evaluating and categorizing quality attributes in software engineering. You possess the necessary skills to distinguish sentences that clearly relate to a given quality attribute from those that do not. 

Evaluate whether the content accurately aligns with its associated quality attribute, given the context provided. Your goal is to determine if the content makes sense in relation to the quality attribute description or if it is a false positive.

Data:

Quality Attribute: Usability
Attribute Description: The degree to which users can effectively and efficiently accomplish tasks, including support for error recovery and user satisfaction. Usability covers ease of learning, efficient usage, and adaptability to user needs.
Content: `AtomicComputer` clears options state

Instructions: 
1. Analyze the content and the attribute description.
2. Determine if the content accurately reflects the intended quality attribute in this context.
3. If it does, label it as an accurate match; if not, mark it as a false positive.
4. Output only the JSON object in response, without any additional explanation.
5. Ensure the JSON output is properly formatted. Escape any special characters or inner quotes in strings to ensure compatibility with JSON parsers. Within JSON strings use \"" to escape double quotes.

Output your response as a JSON object in the following format:
{
  ""false_positive"": <boolean>,
  ""reasoning"": ""<str>""
}
",True,"The content does not directly relate to usability, as it only mentions clearing options state. It does not address aspects of ease of learning, efficient usage, or adaptability to user needs, which are core aspects of usability."
Usability,simpl,simple-,allow and prefer simple-dftd3 and mctc-gcp,MatchSource.ISSUE,psi4,psi4,v1.9.1,http://psicode.org,https://github.com/psi4/psi4/pull/2791,"The degree to which users can effectively and efficiently accomplish tasks, including support for error recovery and user satisfaction. Usability covers ease of learning, efficient usage, and adaptability to user needs.","
You are an expert in evaluating and categorizing quality attributes in software engineering. You possess the necessary skills to distinguish sentences that clearly relate to a given quality attribute from those that do not. 

Evaluate whether the content accurately aligns with its associated quality attribute, given the context provided. Your goal is to determine if the content makes sense in relation to the quality attribute description or if it is a false positive.

Data:

Quality Attribute: Usability
Attribute Description: The degree to which users can effectively and efficiently accomplish tasks, including support for error recovery and user satisfaction. Usability covers ease of learning, efficient usage, and adaptability to user needs.
Content: allow and prefer simple-dftd3 and mctc-gcp

Instructions: 
1. Analyze the content and the attribute description.
2. Determine if the content accurately reflects the intended quality attribute in this context.
3. If it does, label it as an accurate match; if not, mark it as a false positive.
4. Output only the JSON object in response, without any additional explanation.
5. Ensure the JSON output is properly formatted. Escape any special characters or inner quotes in strings to ensure compatibility with JSON parsers. Within JSON strings use \"" to escape double quotes.

Output your response as a JSON object in the following format:
{
  ""false_positive"": <boolean>,
  ""reasoning"": ""<str>""
}
",True,"The provided content refers to specific technologies (dftd3 and mctc-gcp), which are not directly related to the general concept of usability as defined in the attribute description."
Usability,undo,undocumented,Do not use or suggest the undocumented -H option for CMake,MatchSource.ISSUE,psi4,psi4,v1.9.1,http://psicode.org,https://github.com/psi4/psi4/pull/2797,"The degree to which users can effectively and efficiently accomplish tasks, including support for error recovery and user satisfaction. Usability covers ease of learning, efficient usage, and adaptability to user needs.","
You are an expert in evaluating and categorizing quality attributes in software engineering. You possess the necessary skills to distinguish sentences that clearly relate to a given quality attribute from those that do not. 

Evaluate whether the content accurately aligns with its associated quality attribute, given the context provided. Your goal is to determine if the content makes sense in relation to the quality attribute description or if it is a false positive.

Data:

Quality Attribute: Usability
Attribute Description: The degree to which users can effectively and efficiently accomplish tasks, including support for error recovery and user satisfaction. Usability covers ease of learning, efficient usage, and adaptability to user needs.
Content: Do not use or suggest the undocumented -H option for CMake

Instructions: 
1. Analyze the content and the attribute description.
2. Determine if the content accurately reflects the intended quality attribute in this context.
3. If it does, label it as an accurate match; if not, mark it as a false positive.
4. Output only the JSON object in response, without any additional explanation.
5. Ensure the JSON output is properly formatted. Escape any special characters or inner quotes in strings to ensure compatibility with JSON parsers. Within JSON strings use \"" to escape double quotes.

Output your response as a JSON object in the following format:
{
  ""false_positive"": <boolean>,
  ""reasoning"": ""<str>""
}
",True,The provided content does not relate to usability as it concerns command-line options for CMake rather than user-related aspects of the software.
Usability,clear,clear,Actually clear vectors in Molecule,MatchSource.ISSUE,psi4,psi4,v1.9.1,http://psicode.org,https://github.com/psi4/psi4/pull/2864,"The degree to which users can effectively and efficiently accomplish tasks, including support for error recovery and user satisfaction. Usability covers ease of learning, efficient usage, and adaptability to user needs.","
You are an expert in evaluating and categorizing quality attributes in software engineering. You possess the necessary skills to distinguish sentences that clearly relate to a given quality attribute from those that do not. 

Evaluate whether the content accurately aligns with its associated quality attribute, given the context provided. Your goal is to determine if the content makes sense in relation to the quality attribute description or if it is a false positive.

Data:

Quality Attribute: Usability
Attribute Description: The degree to which users can effectively and efficiently accomplish tasks, including support for error recovery and user satisfaction. Usability covers ease of learning, efficient usage, and adaptability to user needs.
Content: Actually clear vectors in Molecule

Instructions: 
1. Analyze the content and the attribute description.
2. Determine if the content accurately reflects the intended quality attribute in this context.
3. If it does, label it as an accurate match; if not, mark it as a false positive.
4. Output only the JSON object in response, without any additional explanation.
5. Ensure the JSON output is properly formatted. Escape any special characters or inner quotes in strings to ensure compatibility with JSON parsers. Within JSON strings use \"" to escape double quotes.

Output your response as a JSON object in the following format:
{
  ""false_positive"": <boolean>,
  ""reasoning"": ""<str>""
}
",True,"The provided content 'Actually clear vectors in Molecule' does not relate to the quality attribute of Usability, which concerns user-related aspects of software effectiveness and efficiency."
Deployability,update,update,update the review guidance,MatchSource.ISSUE,psi4,psi4,v1.9.1,http://psicode.org,https://github.com/psi4/psi4/pull/2917,"The capability of software to be deployed into an operational environment with predictable time and effort, including options for rollback if needed. Key aspects include automation, deployment speed, and deployment granularity.","
You are an expert in evaluating and categorizing quality attributes in software engineering. You possess the necessary skills to distinguish sentences that clearly relate to a given quality attribute from those that do not. 

Evaluate whether the content accurately aligns with its associated quality attribute, given the context provided. Your goal is to determine if the content makes sense in relation to the quality attribute description or if it is a false positive.

Data:

Quality Attribute: Deployability
Attribute Description: The capability of software to be deployed into an operational environment with predictable time and effort, including options for rollback if needed. Key aspects include automation, deployment speed, and deployment granularity.
Content: update the review guidance

Instructions: 
1. Analyze the content and the attribute description.
2. Determine if the content accurately reflects the intended quality attribute in this context.
3. If it does, label it as an accurate match; if not, mark it as a false positive.
4. Output only the JSON object in response, without any additional explanation.
5. Ensure the JSON output is properly formatted. Escape any special characters or inner quotes in strings to ensure compatibility with JSON parsers. Within JSON strings use \"" to escape double quotes.

Output your response as a JSON object in the following format:
{
  ""false_positive"": <boolean>,
  ""reasoning"": ""<str>""
}
",True,"The provided content about updating review guidance does not relate to the quality attribute of Deployability, which refers to the ease of deploying software into an operational environment."
Usability,guid,guidance,update the review guidance,MatchSource.ISSUE,psi4,psi4,v1.9.1,http://psicode.org,https://github.com/psi4/psi4/pull/2917,"The degree to which users can effectively and efficiently accomplish tasks, including support for error recovery and user satisfaction. Usability covers ease of learning, efficient usage, and adaptability to user needs.","
You are an expert in evaluating and categorizing quality attributes in software engineering. You possess the necessary skills to distinguish sentences that clearly relate to a given quality attribute from those that do not. 

Evaluate whether the content accurately aligns with its associated quality attribute, given the context provided. Your goal is to determine if the content makes sense in relation to the quality attribute description or if it is a false positive.

Data:

Quality Attribute: Usability
Attribute Description: The degree to which users can effectively and efficiently accomplish tasks, including support for error recovery and user satisfaction. Usability covers ease of learning, efficient usage, and adaptability to user needs.
Content: update the review guidance

Instructions: 
1. Analyze the content and the attribute description.
2. Determine if the content accurately reflects the intended quality attribute in this context.
3. If it does, label it as an accurate match; if not, mark it as a false positive.
4. Output only the JSON object in response, without any additional explanation.
5. Ensure the JSON output is properly formatted. Escape any special characters or inner quotes in strings to ensure compatibility with JSON parsers. Within JSON strings use \"" to escape double quotes.

Output your response as a JSON object in the following format:
{
  ""false_positive"": <boolean>,
  ""reasoning"": ""<str>""
}
",True,"The provided content 'update the review guidance' does not relate to the quality attribute of Usability, which concerns user effectiveness, efficiency, and ease of use."
Availability,error,error,Getting SIGSEGV error on cc-pvdz calculation of simple ethanol molecule,MatchSource.ISSUE,psi4,psi4,v1.9.1,http://psicode.org,https://github.com/psi4/psi4/issues/2930,"The system's readiness to perform its function when required, focusing on reliability and recovery. It involves fault masking or repair to prevent failures, ensuring minimal cumulative downtime.","
You are an expert in evaluating and categorizing quality attributes in software engineering. You possess the necessary skills to distinguish sentences that clearly relate to a given quality attribute from those that do not. 

Evaluate whether the content accurately aligns with its associated quality attribute, given the context provided. Your goal is to determine if the content makes sense in relation to the quality attribute description or if it is a false positive.

Data:

Quality Attribute: Availability
Attribute Description: The system's readiness to perform its function when required, focusing on reliability and recovery. It involves fault masking or repair to prevent failures, ensuring minimal cumulative downtime.
Content: Getting SIGSEGV error on cc-pvdz calculation of simple ethanol molecule

Instructions: 
1. Analyze the content and the attribute description.
2. Determine if the content accurately reflects the intended quality attribute in this context.
3. If it does, label it as an accurate match; if not, mark it as a false positive.
4. Output only the JSON object in response, without any additional explanation.
5. Ensure the JSON output is properly formatted. Escape any special characters or inner quotes in strings to ensure compatibility with JSON parsers. Within JSON strings use \"" to escape double quotes.

Output your response as a JSON object in the following format:
{
  ""false_positive"": <boolean>,
  ""reasoning"": ""<str>""
}
",True,"The provided content is unrelated to the quality attribute of Availability, which focuses on system readiness and fault recovery."
Usability,simpl,simple,Getting SIGSEGV error on cc-pvdz calculation of simple ethanol molecule,MatchSource.ISSUE,psi4,psi4,v1.9.1,http://psicode.org,https://github.com/psi4/psi4/issues/2930,"The degree to which users can effectively and efficiently accomplish tasks, including support for error recovery and user satisfaction. Usability covers ease of learning, efficient usage, and adaptability to user needs.","
You are an expert in evaluating and categorizing quality attributes in software engineering. You possess the necessary skills to distinguish sentences that clearly relate to a given quality attribute from those that do not. 

Evaluate whether the content accurately aligns with its associated quality attribute, given the context provided. Your goal is to determine if the content makes sense in relation to the quality attribute description or if it is a false positive.

Data:

Quality Attribute: Usability
Attribute Description: The degree to which users can effectively and efficiently accomplish tasks, including support for error recovery and user satisfaction. Usability covers ease of learning, efficient usage, and adaptability to user needs.
Content: Getting SIGSEGV error on cc-pvdz calculation of simple ethanol molecule

Instructions: 
1. Analyze the content and the attribute description.
2. Determine if the content accurately reflects the intended quality attribute in this context.
3. If it does, label it as an accurate match; if not, mark it as a false positive.
4. Output only the JSON object in response, without any additional explanation.
5. Ensure the JSON output is properly formatted. Escape any special characters or inner quotes in strings to ensure compatibility with JSON parsers. Within JSON strings use \"" to escape double quotes.

Output your response as a JSON object in the following format:
{
  ""false_positive"": <boolean>,
  ""reasoning"": ""<str>""
}
",True,"The provided content refers to a technical error (SIGSEGV) related to molecular calculation, which is not directly related to the quality attribute of usability."
Usability,simpl,simplifying,Amend #3043 by allowing a longer hostname and simplifying the code.,MatchSource.ISSUE,psi4,psi4,v1.9.1,http://psicode.org,https://github.com/psi4/psi4/pull/3044,"The degree to which users can effectively and efficiently accomplish tasks, including support for error recovery and user satisfaction. Usability covers ease of learning, efficient usage, and adaptability to user needs.","
You are an expert in evaluating and categorizing quality attributes in software engineering. You possess the necessary skills to distinguish sentences that clearly relate to a given quality attribute from those that do not. 

Evaluate whether the content accurately aligns with its associated quality attribute, given the context provided. Your goal is to determine if the content makes sense in relation to the quality attribute description or if it is a false positive.

Data:

Quality Attribute: Usability
Attribute Description: The degree to which users can effectively and efficiently accomplish tasks, including support for error recovery and user satisfaction. Usability covers ease of learning, efficient usage, and adaptability to user needs.
Content: Amend #3043 by allowing a longer hostname and simplifying the code.

Instructions: 
1. Analyze the content and the attribute description.
2. Determine if the content accurately reflects the intended quality attribute in this context.
3. If it does, label it as an accurate match; if not, mark it as a false positive.
4. Output only the JSON object in response, without any additional explanation.
5. Ensure the JSON output is properly formatted. Escape any special characters or inner quotes in strings to ensure compatibility with JSON parsers. Within JSON strings use \"" to escape double quotes.

Output your response as a JSON object in the following format:
{
  ""false_positive"": <boolean>,
  ""reasoning"": ""<str>""
}
",True,"The content refers to code simplification and hostname length, which are technical changes rather than improvements in usability as defined by the attribute description."
