quality_attribute,sentence,keyword,source,author,repo,version,id,matched_word,match_idx,wiki,url,total_similar,target_keywords,target_matched_words,attribute_desc,prompt,true_positive,reasoning
Testability,"@vgvassilev I have no idea how to test it. The CUDA mode is the only situation, which I found, where the function is called with an unresolved path. Does ROOT support unit tests?",test,MatchSource.ISSUE_COMMENT,root-project,root,v6-32-06,https://github.com/root-project/root/pull/10593#issuecomment-1127905170:34,test,34,https://root.cern,https://github.com/root-project/root/pull/10593#issuecomment-1127905170,2,['test'],"['test', 'tests']","The ease of validating software functionality through testing, enabling fault detection. This includes controlling and observing the system’s state, reducing complexity, and facilitating the creation of test cases and oracles.","
You are an expert in evaluating and categorizing quality attributes in software engineering. You possess the necessary skills to distinguish sentences that clearly relate to a given quality attribute from those that do not. 

Evaluate whether the content accurately aligns with its associated quality attribute, given the context provided. Your goal is to determine if the content makes sense in relation to the quality attribute description or if it is a false positive.

Data:

Quality Attribute: Testability
Attribute Description: The ease of validating software functionality through testing, enabling fault detection. This includes controlling and observing the system’s state, reducing complexity, and facilitating the creation of test cases and oracles.
Content: @vgvassilev I have no idea how to test it. The CUDA mode is the only situation, which I found, where the function is called with an unresolved path. Does ROOT support unit tests?

Instructions: 
1. Analyze the content and the attribute description.
2. Determine if the content accurately reflects the intended quality attribute in this context.
3. If it does, label it as `true_positive: true`; if not, mark it as a `true_positive: false`.
4. If the content consists only of logs with no other text, mark it as a `true_positive: false`. 
4. If the content partially consists of logs, focus on analyzing remaining text. 
5. Add `reasoning` why the content is a true or false positive.
",True,The content is asking about testing CUDA mode functionality and whether ROOT supports unit tests. This aligns with the Testability attribute as it's seeking to validate software functionality through testing.
Testability,"@vgvassilev I have updated the PR to include a similar patch for the SourceManager and at least the trivial test seems to work fine, including a nice 9MB reduction in memory allocations. I am now testing with the ALICE analysis framework. I have also done a few of the cleanups, and it now only exposes an ""expand"" interface (basically resize without shrinking). AFAICT, it's not worth to implement the full ""resize"" functionality, given it's complicated and at least the places I fixed never shrink. I think also the calloc approach might not be a good idea given realloc does not guarantee that the memory is zeroed and besides that page ranges might be a tad too big for vector of pointers and so on. I would put aside that idea, at least for now. My current plan:. * Verify with larger tests using ALICE analysis and asynchronous reconstruction.; * Unify the two PagedVector implementations I currently have (one for ASTReader and one for SourceManager).; * Use fixed size ranges, so that I can get rid of the ranges in my internal index and just keep where each page was allocated.",test,MatchSource.ISSUE_COMMENT,root-project,root,v6-32-06,https://github.com/root-project/root/issues/13000#issuecomment-1717257305:108,test,108,https://root.cern,https://github.com/root-project/root/issues/13000#issuecomment-1717257305,3,['test'],"['test', 'testing', 'tests']","The ease of validating software functionality through testing, enabling fault detection. This includes controlling and observing the system’s state, reducing complexity, and facilitating the creation of test cases and oracles.","
You are an expert in evaluating and categorizing quality attributes in software engineering. You possess the necessary skills to distinguish sentences that clearly relate to a given quality attribute from those that do not. 

Evaluate whether the content accurately aligns with its associated quality attribute, given the context provided. Your goal is to determine if the content makes sense in relation to the quality attribute description or if it is a false positive.

Data:

Quality Attribute: Testability
Attribute Description: The ease of validating software functionality through testing, enabling fault detection. This includes controlling and observing the system’s state, reducing complexity, and facilitating the creation of test cases and oracles.
Content: @vgvassilev I have updated the PR to include a similar patch for the SourceManager and at least the trivial test seems to work fine, including a nice 9MB reduction in memory allocations. I am now testing with the ALICE analysis framework. I have also done a few of the cleanups, and it now only exposes an ""expand"" interface (basically resize without shrinking). AFAICT, it's not worth to implement the full ""resize"" functionality, given it's complicated and at least the places I fixed never shrink. I think also the calloc approach might not be a good idea given realloc does not guarantee that the memory is zeroed and besides that page ranges might be a tad too big for vector of pointers and so on. I would put aside that idea, at least for now. My current plan:. * Verify with larger tests using ALICE analysis and asynchronous reconstruction.; * Unify the two PagedVector implementations I currently have (one for ASTReader and one for SourceManager).; * Use fixed size ranges, so that I can get rid of the ranges in my internal index and just keep where each page was allocated.

Instructions: 
1. Analyze the content and the attribute description.
2. Determine if the content accurately reflects the intended quality attribute in this context.
3. If it does, label it as `true_positive: true`; if not, mark it as a `true_positive: false`.
4. If the content consists only of logs with no other text, mark it as a `true_positive: false`. 
4. If the content partially consists of logs, focus on analyzing remaining text. 
5. Add `reasoning` why the content is a true or false positive.
",True,"The content mentions testing with the ALICE analysis framework and describes changes made to improve functionality, which aligns with testability by validating software through testing and facilitating testing processes."
Testability,"@vgvassilev I have uploaded a [snapshot image](https://hub.docker.com/layers/greenc/root_10861/build-snapshot/images/sha256-cde089095090f5cd9785cfcc2f2df341b24437b0868d7014b51efb8d3d7ab5ca?context=repo). The shell history will show exactly what was done, and the relevant build log is `/scratch/build-root-v6-28-00-patches-c14-p3913-debug`.",log,MatchSource.ISSUE_COMMENT,root-project,root,v6-32-06,https://github.com/root-project/root/issues/10861#issuecomment-1402618462:278,log,278,https://root.cern,https://github.com/root-project/root/issues/10861#issuecomment-1402618462,1,['log'],['log'],"The ease of validating software functionality through testing, enabling fault detection. This includes controlling and observing the system’s state, reducing complexity, and facilitating the creation of test cases and oracles.","
You are an expert in evaluating and categorizing quality attributes in software engineering. You possess the necessary skills to distinguish sentences that clearly relate to a given quality attribute from those that do not. 

Evaluate whether the content accurately aligns with its associated quality attribute, given the context provided. Your goal is to determine if the content makes sense in relation to the quality attribute description or if it is a false positive.

Data:

Quality Attribute: Testability
Attribute Description: The ease of validating software functionality through testing, enabling fault detection. This includes controlling and observing the system’s state, reducing complexity, and facilitating the creation of test cases and oracles.
Content: @vgvassilev I have uploaded a [snapshot image](https://hub.docker.com/layers/greenc/root_10861/build-snapshot/images/sha256-cde089095090f5cd9785cfcc2f2df341b24437b0868d7014b51efb8d3d7ab5ca?context=repo). The shell history will show exactly what was done, and the relevant build log is `/scratch/build-root-v6-28-00-patches-c14-p3913-debug`.

Instructions: 
1. Analyze the content and the attribute description.
2. Determine if the content accurately reflects the intended quality attribute in this context.
3. If it does, label it as `true_positive: true`; if not, mark it as a `true_positive: false`.
4. If the content consists only of logs with no other text, mark it as a `true_positive: false`. 
4. If the content partially consists of logs, focus on analyzing remaining text. 
5. Add `reasoning` why the content is a true or false positive.
",False,"The provided content includes a link to an image and references build logs. While these are related to software builds, they do not directly address testability aspects such as creating test cases or validating functionality."
Testability,"@vgvassilev I see ` In case an identifier is defined in both (eg TMVA::Event and X::Event), the GMI will take priority and load the TMVA module without later allowing the system to look for other candidates.`. Could you explicit in the commit log why an unrelated fully qualified name (`TMVA::Event`) takes precedence over another fully qualified name (`X::Event`) and why this is usually not an issue (i.e. Is there any other cases (other than module vs rootmap) where this could lead to problems?)",log,MatchSource.ISSUE_COMMENT,root-project,root,v6-32-06,https://github.com/root-project/root/pull/9592#issuecomment-1014508200:243,log,243,https://root.cern,https://github.com/root-project/root/pull/9592#issuecomment-1014508200,1,['log'],['log'],"The ease of validating software functionality through testing, enabling fault detection. This includes controlling and observing the system’s state, reducing complexity, and facilitating the creation of test cases and oracles.","
You are an expert in evaluating and categorizing quality attributes in software engineering. You possess the necessary skills to distinguish sentences that clearly relate to a given quality attribute from those that do not. 

Evaluate whether the content accurately aligns with its associated quality attribute, given the context provided. Your goal is to determine if the content makes sense in relation to the quality attribute description or if it is a false positive.

Data:

Quality Attribute: Testability
Attribute Description: The ease of validating software functionality through testing, enabling fault detection. This includes controlling and observing the system’s state, reducing complexity, and facilitating the creation of test cases and oracles.
Content: @vgvassilev I see ` In case an identifier is defined in both (eg TMVA::Event and X::Event), the GMI will take priority and load the TMVA module without later allowing the system to look for other candidates.`. Could you explicit in the commit log why an unrelated fully qualified name (`TMVA::Event`) takes precedence over another fully qualified name (`X::Event`) and why this is usually not an issue (i.e. Is there any other cases (other than module vs rootmap) where this could lead to problems?)

Instructions: 
1. Analyze the content and the attribute description.
2. Determine if the content accurately reflects the intended quality attribute in this context.
3. If it does, label it as `true_positive: true`; if not, mark it as a `true_positive: false`.
4. If the content consists only of logs with no other text, mark it as a `true_positive: false`. 
4. If the content partially consists of logs, focus on analyzing remaining text. 
5. Add `reasoning` why the content is a true or false positive.
",True,"The provided content discusses identifier precedence in the codebase, specifically how certain fully qualified names take priority over others. This relates to testability because it ensures that when testing, the correct module is loaded first, which aids in validation and fault detection."
Testability,"@vgvassilev I tested this on Ubuntu 20.04, and I'm not sure if I should add subprocess commands for installing libncurses5, debuild and debhelper. It was an empty VM instance that's why, I'm not sure if other users would need this",test,MatchSource.ISSUE_COMMENT,root-project,root,v6-32-06,https://github.com/root-project/root/pull/11137#issuecomment-1208594790:14,tested,14,https://root.cern,https://github.com/root-project/root/pull/11137#issuecomment-1208594790,1,['test'],['tested'],"The ease of validating software functionality through testing, enabling fault detection. This includes controlling and observing the system’s state, reducing complexity, and facilitating the creation of test cases and oracles.","
You are an expert in evaluating and categorizing quality attributes in software engineering. You possess the necessary skills to distinguish sentences that clearly relate to a given quality attribute from those that do not. 

Evaluate whether the content accurately aligns with its associated quality attribute, given the context provided. Your goal is to determine if the content makes sense in relation to the quality attribute description or if it is a false positive.

Data:

Quality Attribute: Testability
Attribute Description: The ease of validating software functionality through testing, enabling fault detection. This includes controlling and observing the system’s state, reducing complexity, and facilitating the creation of test cases and oracles.
Content: @vgvassilev I tested this on Ubuntu 20.04, and I'm not sure if I should add subprocess commands for installing libncurses5, debuild and debhelper. It was an empty VM instance that's why, I'm not sure if other users would need this

Instructions: 
1. Analyze the content and the attribute description.
2. Determine if the content accurately reflects the intended quality attribute in this context.
3. If it does, label it as `true_positive: true`; if not, mark it as a `true_positive: false`.
4. If the content consists only of logs with no other text, mark it as a `true_positive: false`. 
4. If the content partially consists of logs, focus on analyzing remaining text. 
5. Add `reasoning` why the content is a true or false positive.
",False,"The content discusses testing an application on Ubuntu 20.04 and mentions potential issues with installing specific libraries that might affect testability. However, it's more about environment setup than testing procedures or fault detection, which are key aspects of testability."
Testability,@vgvassilev I will add test case to roottest!,test,MatchSource.ISSUE_COMMENT,root-project,root,v6-32-06,https://github.com/root-project/root/pull/1174#issuecomment-335806731:23,test,23,https://root.cern,https://github.com/root-project/root/pull/1174#issuecomment-335806731,1,['test'],['test'],"The ease of validating software functionality through testing, enabling fault detection. This includes controlling and observing the system’s state, reducing complexity, and facilitating the creation of test cases and oracles.","
You are an expert in evaluating and categorizing quality attributes in software engineering. You possess the necessary skills to distinguish sentences that clearly relate to a given quality attribute from those that do not. 

Evaluate whether the content accurately aligns with its associated quality attribute, given the context provided. Your goal is to determine if the content makes sense in relation to the quality attribute description or if it is a false positive.

Data:

Quality Attribute: Testability
Attribute Description: The ease of validating software functionality through testing, enabling fault detection. This includes controlling and observing the system’s state, reducing complexity, and facilitating the creation of test cases and oracles.
Content: @vgvassilev I will add test case to roottest!

Instructions: 
1. Analyze the content and the attribute description.
2. Determine if the content accurately reflects the intended quality attribute in this context.
3. If it does, label it as `true_positive: true`; if not, mark it as a `true_positive: false`.
4. If the content consists only of logs with no other text, mark it as a `true_positive: false`. 
4. If the content partially consists of logs, focus on analyzing remaining text. 
5. Add `reasoning` why the content is a true or false positive.
",True,"The content mentions adding a test case to roottest, which aligns with the idea of creating test cases as part of testability. This action contributes directly to making software functionality easier to validate through testing."
Testability,"@vgvassilev It seems that the changes in this PR provide the same performance as the current master (after the two hotfixes), while supporting leaving the `k*` constants in `TError.h` as `constexpr` so without producing a symbol in `libCore.so`. For `TString::kNPOS` I guess we want to leave the commit there since it was anyway a real fix to a bug. Another problem which is still present in both the current master and even after this PR is that the number of file operations is still quite high, i.e.; ```; 532 newfstatat(3, ; 29 newfstatat(4, ; 10141 newfstatat(AT_FDCWD, ; 546 openat(AT_FDCWD, ; 843 readlink(; ```. which are exactly the same whether current master or this patch. Consider that many of those `newfstatat` calls are spurious and I'm trying to understand where they come from. Take the following as an example; ```; newfstatat(AT_FDCWD, ""/home/vpadulan/programs/rootproject/rootbuild/reduce-symbol-search-release/gui/sessionviewer/input_line_11"", 0x7ffde442f050, 0) = -1 ENOENT (No such file or directory); ```. Note the presence of the `rootbuild` directory, which is the path where I store the ROOT build artifacts, even though I am using ROOT from the install directory. I thought it was something in the machinery of `(T)cling` but so far my tests haven't brought me to any conclusion. Another suspicion is that the path to the build directory is hardcoded somehow in the `.pcm` or in the AST and doesn't get converted to the install directory.",test,MatchSource.ISSUE_COMMENT,root-project,root,v6-32-06,https://github.com/root-project/root/pull/14287#issuecomment-1867410890:1265,tests,1265,https://root.cern,https://github.com/root-project/root/pull/14287#issuecomment-1867410890,1,['test'],['tests'],"The ease of validating software functionality through testing, enabling fault detection. This includes controlling and observing the system’s state, reducing complexity, and facilitating the creation of test cases and oracles.","
You are an expert in evaluating and categorizing quality attributes in software engineering. You possess the necessary skills to distinguish sentences that clearly relate to a given quality attribute from those that do not. 

Evaluate whether the content accurately aligns with its associated quality attribute, given the context provided. Your goal is to determine if the content makes sense in relation to the quality attribute description or if it is a false positive.

Data:

Quality Attribute: Testability
Attribute Description: The ease of validating software functionality through testing, enabling fault detection. This includes controlling and observing the system’s state, reducing complexity, and facilitating the creation of test cases and oracles.
Content: @vgvassilev It seems that the changes in this PR provide the same performance as the current master (after the two hotfixes), while supporting leaving the `k*` constants in `TError.h` as `constexpr` so without producing a symbol in `libCore.so`. For `TString::kNPOS` I guess we want to leave the commit there since it was anyway a real fix to a bug. Another problem which is still present in both the current master and even after this PR is that the number of file operations is still quite high, i.e.; ```; 532 newfstatat(3, ; 29 newfstatat(4, ; 10141 newfstatat(AT_FDCWD, ; 546 openat(AT_FDCWD, ; 843 readlink(; ```. which are exactly the same whether current master or this patch. Consider that many of those `newfstatat` calls are spurious and I'm trying to understand where they come from. Take the following as an example; ```; newfstatat(AT_FDCWD, ""/home/vpadulan/programs/rootproject/rootbuild/reduce-symbol-search-release/gui/sessionviewer/input_line_11"", 0x7ffde442f050, 0) = -1 ENOENT (No such file or directory); ```. Note the presence of the `rootbuild` directory, which is the path where I store the ROOT build artifacts, even though I am using ROOT from the install directory. I thought it was something in the machinery of `(T)cling` but so far my tests haven't brought me to any conclusion. Another suspicion is that the path to the build directory is hardcoded somehow in the `.pcm` or in the AST and doesn't get converted to the install directory.

Instructions: 
1. Analyze the content and the attribute description.
2. Determine if the content accurately reflects the intended quality attribute in this context.
3. If it does, label it as `true_positive: true`; if not, mark it as a `true_positive: false`.
4. If the content consists only of logs with no other text, mark it as a `true_positive: false`. 
4. If the content partially consists of logs, focus on analyzing remaining text. 
5. Add `reasoning` why the content is a true or false positive.
",False,"The content provided discusses potential performance issues and code changes related to file operations in a software project. It mentions specific system calls like newfstatat being called spuously, and it refers to the presence of certain directories and paths. While this does talk about functionality and performance, it doesn't directly address testability. The attribute description for Testability focuses on how easy it is to validate software through testing, including creating test cases. This content does not relate to creating or facilitating tests but rather discusses specific implementation details related to file operations and potential bugs in the code."
Testability,@vgvassilev LGTM so I am testing it and we merge it?,test,MatchSource.ISSUE_COMMENT,root-project,root,v6-32-06,https://github.com/root-project/root/pull/5903#issuecomment-666224921:25,testing,25,https://root.cern,https://github.com/root-project/root/pull/5903#issuecomment-666224921,1,['test'],['testing'],"The ease of validating software functionality through testing, enabling fault detection. This includes controlling and observing the system’s state, reducing complexity, and facilitating the creation of test cases and oracles.","
You are an expert in evaluating and categorizing quality attributes in software engineering. You possess the necessary skills to distinguish sentences that clearly relate to a given quality attribute from those that do not. 

Evaluate whether the content accurately aligns with its associated quality attribute, given the context provided. Your goal is to determine if the content makes sense in relation to the quality attribute description or if it is a false positive.

Data:

Quality Attribute: Testability
Attribute Description: The ease of validating software functionality through testing, enabling fault detection. This includes controlling and observing the system’s state, reducing complexity, and facilitating the creation of test cases and oracles.
Content: @vgvassilev LGTM so I am testing it and we merge it?

Instructions: 
1. Analyze the content and the attribute description.
2. Determine if the content accurately reflects the intended quality attribute in this context.
3. If it does, label it as `true_positive: true`; if not, mark it as a `true_positive: false`.
4. If the content consists only of logs with no other text, mark it as a `true_positive: false`. 
4. If the content partially consists of logs, focus on analyzing remaining text. 
5. Add `reasoning` why the content is a true or false positive.
",True,The content includes an @ mention and a comment about testing ('we are testing it'). This aligns with Testability as it shows verification activities.
Testability,"@vgvassilev Let me clarify the disconnect. The title says ""Add **a** module for experimental/string_view""; The commit says:. That should fix a recent nightly failure with gcc11 avoiding to require; module ""bits/ranges_base.h"" in C++20 context. The code says:; ```; module ""experimental/string_view"" {; export *; header ""experimental/algorithm""; }; ```; ; The commit content as-is seems completely unrelated to the commit log as far as I could tell (without doing research on the relationship between `range_base`, `string_view` and `algorithm`.; ; So I pondered whether the fix was the right fix for a problem I did not know anything about ... ; ; The right thing to do would have probably be have been to request a complete explanation of what the original problem was, what was the mechanism leading to the error and why this solution was the best solution. This was obviously much more than this seemingly simple fix required. So instead I thought to ask for a very low cost, straight forward solution: simply copy/pasting the error with no additional effort to explain in detail. > Can you suggest a commit message which adds enough information which makes me happy as well?. That requires to paraphrase the error and add a few more details. ```; That should fix a recent nightly failure with gcc11. The failure presented during dictionary generation in a C++14 and C++17 build and incorrectly complained about needing the 'cplusplus20' feature for the 'std.bits/ranges_base.h' module. The issue was triggered by an inclusion of `<bits/ranges_base.h>` from `string_view`. This issue exists on gcc11 and gcc12 (and I guess any gcc that made changes to libstdc++ and the experimental/string_view header file). . It seems the issue is solved by exporting `algorithm` as part of the `string_view` module.; ```. Actually, I still don't know why adding `algorithm` fixes a problem with `range_base.h`, so I can't add that to the commit ... maybe it is something like ""... by avoiding to use the module m",log,MatchSource.ISSUE_COMMENT,root-project,root,v6-32-06,https://github.com/root-project/root/pull/12276#issuecomment-1430326540:421,log,421,https://root.cern,https://github.com/root-project/root/pull/12276#issuecomment-1430326540,2,['log'],['log'],"The ease of validating software functionality through testing, enabling fault detection. This includes controlling and observing the system’s state, reducing complexity, and facilitating the creation of test cases and oracles.","
You are an expert in evaluating and categorizing quality attributes in software engineering. You possess the necessary skills to distinguish sentences that clearly relate to a given quality attribute from those that do not. 

Evaluate whether the content accurately aligns with its associated quality attribute, given the context provided. Your goal is to determine if the content makes sense in relation to the quality attribute description or if it is a false positive.

Data:

Quality Attribute: Testability
Attribute Description: The ease of validating software functionality through testing, enabling fault detection. This includes controlling and observing the system’s state, reducing complexity, and facilitating the creation of test cases and oracles.
Content: @vgvassilev Let me clarify the disconnect. The title says ""Add **a** module for experimental/string_view""; The commit says:. That should fix a recent nightly failure with gcc11 avoiding to require; module ""bits/ranges_base.h"" in C++20 context. The code says:; ```; module ""experimental/string_view"" {; export *; header ""experimental/algorithm""; }; ```; ; The commit content as-is seems completely unrelated to the commit log as far as I could tell (without doing research on the relationship between `range_base`, `string_view` and `algorithm`.; ; So I pondered whether the fix was the right fix for a problem I did not know anything about ... ; ; The right thing to do would have probably be have been to request a complete explanation of what the original problem was, what was the mechanism leading to the error and why this solution was the best solution. This was obviously much more than this seemingly simple fix required. So instead I thought to ask for a very low cost, straight forward solution: simply copy/pasting the error with no additional effort to explain in detail. > Can you suggest a commit message which adds enough information which makes me happy as well?. That requires to paraphrase the error and add a few more details. ```; That should fix a recent nightly failure with gcc11. The failure presented during dictionary generation in a C++14 and C++17 build and incorrectly complained about needing the 'cplusplus20' feature for the 'std.bits/ranges_base.h' module. The issue was triggered by an inclusion of `<bits/ranges_base.h>` from `string_view`. This issue exists on gcc11 and gcc12 (and I guess any gcc that made changes to libstdc++ and the experimental/string_view header file). . It seems the issue is solved by exporting `algorithm` as part of the `string_view` module.; ```. Actually, I still don't know why adding `algorithm` fixes a problem with `range_base.h`, so I can't add that to the commit ... maybe it is something like ""... by avoiding to use the module m

Instructions: 
1. Analyze the content and the attribute description.
2. Determine if the content accurately reflects the intended quality attribute in this context.
3. If it does, label it as `true_positive: true`; if not, mark it as a `true_positive: false`.
4. If the content consists only of logs with no other text, mark it as a `true_positive: false`. 
4. If the content partially consists of logs, focus on analyzing remaining text. 
5. Add `reasoning` why the content is a true or false positive.
",False,"The provided content appears to be a commit log and discussion about fixing a specific compiler issue related to module dependencies in C++. While it does include technical details about the problem and its resolution, it's not directly discussing testability. Instead, it focuses on debugging and code changes to address a compilation error. There is no mention of testing methodologies, test cases, or fault detection mechanisms, which are key aspects of testability. Therefore, this content does not align with the Testability quality attribute."
Testability,"@vgvassilev Looks great. I need one more point of references (that you already run but I can't tell where it is in the spreadsheet), namely the same number for running just runcms310.C [This should apriori be equivalent to the worse case scenario, i.e. running the test above without root-pcm nor modules]. thanks.",test,MatchSource.ISSUE_COMMENT,root-project,root,v6-32-06,https://github.com/root-project/root/pull/3012#issuecomment-471684777:265,test,265,https://root.cern,https://github.com/root-project/root/pull/3012#issuecomment-471684777,1,['test'],['test'],"The ease of validating software functionality through testing, enabling fault detection. This includes controlling and observing the system’s state, reducing complexity, and facilitating the creation of test cases and oracles.","
You are an expert in evaluating and categorizing quality attributes in software engineering. You possess the necessary skills to distinguish sentences that clearly relate to a given quality attribute from those that do not. 

Evaluate whether the content accurately aligns with its associated quality attribute, given the context provided. Your goal is to determine if the content makes sense in relation to the quality attribute description or if it is a false positive.

Data:

Quality Attribute: Testability
Attribute Description: The ease of validating software functionality through testing, enabling fault detection. This includes controlling and observing the system’s state, reducing complexity, and facilitating the creation of test cases and oracles.
Content: @vgvassilev Looks great. I need one more point of references (that you already run but I can't tell where it is in the spreadsheet), namely the same number for running just runcms310.C [This should apriori be equivalent to the worse case scenario, i.e. running the test above without root-pcm nor modules]. thanks.

Instructions: 
1. Analyze the content and the attribute description.
2. Determine if the content accurately reflects the intended quality attribute in this context.
3. If it does, label it as `true_positive: true`; if not, mark it as a `true_positive: false`.
4. If the content consists only of logs with no other text, mark it as a `true_positive: false`. 
4. If the content partially consists of logs, focus on analyzing remaining text. 
5. Add `reasoning` why the content is a true or false positive.
",True,"The content provided by @vgvassilev mentions needing one more point of reference for testing purposes. It refers to running tests and ensuring they are correctly identified in the spreadsheet. This aligns with the concept of testability, as it involves verifying software functionality through controlled testing processes."
Testability,"@vgvassilev No, we still get the same errors. New build log: [link](https://cmssdt.cern.ch/SDT/jenkins-artifacts/pull-request-integration/PR-2c2cf9/30647/build.log). > For local testing, you can use /cvmfs/cms-ci.cern.ch/week0/cms-sw/cmsdist/8312/30647/install.sh to create a dev area with all the needed externals and cmssw changes.",log,MatchSource.ISSUE_COMMENT,root-project,root,v6-32-06,https://github.com/root-project/root/issues/12240#issuecomment-1432060211:56,log,56,https://root.cern,https://github.com/root-project/root/issues/12240#issuecomment-1432060211,3,"['log', 'test']","['log', 'testing']","The ease of validating software functionality through testing, enabling fault detection. This includes controlling and observing the system’s state, reducing complexity, and facilitating the creation of test cases and oracles.","
You are an expert in evaluating and categorizing quality attributes in software engineering. You possess the necessary skills to distinguish sentences that clearly relate to a given quality attribute from those that do not. 

Evaluate whether the content accurately aligns with its associated quality attribute, given the context provided. Your goal is to determine if the content makes sense in relation to the quality attribute description or if it is a false positive.

Data:

Quality Attribute: Testability
Attribute Description: The ease of validating software functionality through testing, enabling fault detection. This includes controlling and observing the system’s state, reducing complexity, and facilitating the creation of test cases and oracles.
Content: @vgvassilev No, we still get the same errors. New build log: [link](https://cmssdt.cern.ch/SDT/jenkins-artifacts/pull-request-integration/PR-2c2cf9/30647/build.log). > For local testing, you can use /cvmfs/cms-ci.cern.ch/week0/cms-sw/cmsdist/8312/30647/install.sh to create a dev area with all the needed externals and cmssw changes.

Instructions: 
1. Analyze the content and the attribute description.
2. Determine if the content accurately reflects the intended quality attribute in this context.
3. If it does, label it as `true_positive: true`; if not, mark it as a `true_positive: false`.
4. If the content consists only of logs with no other text, mark it as a `true_positive: false`. 
4. If the content partially consists of logs, focus on analyzing remaining text. 
5. Add `reasoning` why the content is a true or false positive.
",False,"The content includes a build log link which is purely logging information without any additional context or analysis related to testability. There are no test cases mentioned or discussions about how functionality is validated through testing. The provided script link might relate to setting up an environment, but it doesn't directly discuss test creation or fault detection. Therefore, the content does not align with the Testability quality attribute."
Testability,@vgvassilev Of course - the test is older than the patch :-),test,MatchSource.ISSUE_COMMENT,root-project,root,v6-32-06,https://github.com/root-project/root/pull/940#issuecomment-327080833:28,test,28,https://root.cern,https://github.com/root-project/root/pull/940#issuecomment-327080833,1,['test'],['test'],"The ease of validating software functionality through testing, enabling fault detection. This includes controlling and observing the system’s state, reducing complexity, and facilitating the creation of test cases and oracles.","
You are an expert in evaluating and categorizing quality attributes in software engineering. You possess the necessary skills to distinguish sentences that clearly relate to a given quality attribute from those that do not. 

Evaluate whether the content accurately aligns with its associated quality attribute, given the context provided. Your goal is to determine if the content makes sense in relation to the quality attribute description or if it is a false positive.

Data:

Quality Attribute: Testability
Attribute Description: The ease of validating software functionality through testing, enabling fault detection. This includes controlling and observing the system’s state, reducing complexity, and facilitating the creation of test cases and oracles.
Content: @vgvassilev Of course - the test is older than the patch :-)

Instructions: 
1. Analyze the content and the attribute description.
2. Determine if the content accurately reflects the intended quality attribute in this context.
3. If it does, label it as `true_positive: true`; if not, mark it as a `true_positive: false`.
4. If the content consists only of logs with no other text, mark it as a `true_positive: false`. 
4. If the content partially consists of logs, focus on analyzing remaining text. 
5. Add `reasoning` why the content is a true or false positive.
",False,"The content seems to be a log entry related to testing. However, it's unclear how directly it relates to testability. The statement appears to mention an older test relative to a patch, which might touch upon testing practices but doesn't explicitly discuss the ease of testing or validation methods. Without more context, it's difficult to classify this as directly tied to testability."
Testability,"@vgvassilev Seems to be, new errors in roottest appears after this PR?; [Like this one](https://lcgapp-services.cern.ch/root-jenkins/job/roottest-pullrequests-build/6173/testReport/projectroot.roottest.root.meta.rootcling-modules/module-dep-order/roottest_root_meta_rootcling_modules_module_dep_order_cxxmodules_implicit_build_error/)",test,MatchSource.ISSUE_COMMENT,root-project,root,v6-32-06,https://github.com/root-project/root/pull/5613#issuecomment-631384298:170,testReport,170,https://root.cern,https://github.com/root-project/root/pull/5613#issuecomment-631384298,1,['test'],['testReport'],"The ease of validating software functionality through testing, enabling fault detection. This includes controlling and observing the system’s state, reducing complexity, and facilitating the creation of test cases and oracles.","
You are an expert in evaluating and categorizing quality attributes in software engineering. You possess the necessary skills to distinguish sentences that clearly relate to a given quality attribute from those that do not. 

Evaluate whether the content accurately aligns with its associated quality attribute, given the context provided. Your goal is to determine if the content makes sense in relation to the quality attribute description or if it is a false positive.

Data:

Quality Attribute: Testability
Attribute Description: The ease of validating software functionality through testing, enabling fault detection. This includes controlling and observing the system’s state, reducing complexity, and facilitating the creation of test cases and oracles.
Content: @vgvassilev Seems to be, new errors in roottest appears after this PR?; [Like this one](https://lcgapp-services.cern.ch/root-jenkins/job/roottest-pullrequests-build/6173/testReport/projectroot.roottest.root.meta.rootcling-modules/module-dep-order/roottest_root_meta_rootcling_modules_module_dep_order_cxxmodules_implicit_build_error/)

Instructions: 
1. Analyze the content and the attribute description.
2. Determine if the content accurately reflects the intended quality attribute in this context.
3. If it does, label it as `true_positive: true`; if not, mark it as a `true_positive: false`.
4. If the content consists only of logs with no other text, mark it as a `true_positive: false`. 
4. If the content partially consists of logs, focus on analyzing remaining text. 
5. Add `reasoning` why the content is a true or false positive.
",True,"The provided content mentions 'new errors in roottest' which relates to testing failures, indicating potential issues with testability as it involves error detection during testing."
Testability,@vgvassilev Test is added. Please help resume github pipeline.,Test,MatchSource.ISSUE_COMMENT,root-project,root,v6-32-06,https://github.com/root-project/root/pull/11286#issuecomment-1268422584:12,Test,12,https://root.cern,https://github.com/root-project/root/pull/11286#issuecomment-1268422584,1,['Test'],['Test'],"The ease of validating software functionality through testing, enabling fault detection. This includes controlling and observing the system’s state, reducing complexity, and facilitating the creation of test cases and oracles.","
You are an expert in evaluating and categorizing quality attributes in software engineering. You possess the necessary skills to distinguish sentences that clearly relate to a given quality attribute from those that do not. 

Evaluate whether the content accurately aligns with its associated quality attribute, given the context provided. Your goal is to determine if the content makes sense in relation to the quality attribute description or if it is a false positive.

Data:

Quality Attribute: Testability
Attribute Description: The ease of validating software functionality through testing, enabling fault detection. This includes controlling and observing the system’s state, reducing complexity, and facilitating the creation of test cases and oracles.
Content: @vgvassilev Test is added. Please help resume github pipeline.

Instructions: 
1. Analyze the content and the attribute description.
2. Determine if the content accurately reflects the intended quality attribute in this context.
3. If it does, label it as `true_positive: true`; if not, mark it as a `true_positive: false`.
4. If the content consists only of logs with no other text, mark it as a `true_positive: false`. 
4. If the content partially consists of logs, focus on analyzing remaining text. 
5. Add `reasoning` why the content is a true or false positive.
",True,"The content @vgvassilev mentions 'Test is added' which relates to testability by indicating that testing has been addressed, possibly by adding tests. This aligns with the attribute description of making software functionality easier to validate through testing."
Testability,@vgvassilev Thanks for investigation! I am testing if it is fixing a problem for zlib 1.2.11!,test,MatchSource.ISSUE_COMMENT,root-project,root,v6-32-06,https://github.com/root-project/root/pull/1189#issuecomment-336869142:43,testing,43,https://root.cern,https://github.com/root-project/root/pull/1189#issuecomment-336869142,1,['test'],['testing'],"The ease of validating software functionality through testing, enabling fault detection. This includes controlling and observing the system’s state, reducing complexity, and facilitating the creation of test cases and oracles.","
You are an expert in evaluating and categorizing quality attributes in software engineering. You possess the necessary skills to distinguish sentences that clearly relate to a given quality attribute from those that do not. 

Evaluate whether the content accurately aligns with its associated quality attribute, given the context provided. Your goal is to determine if the content makes sense in relation to the quality attribute description or if it is a false positive.

Data:

Quality Attribute: Testability
Attribute Description: The ease of validating software functionality through testing, enabling fault detection. This includes controlling and observing the system’s state, reducing complexity, and facilitating the creation of test cases and oracles.
Content: @vgvassilev Thanks for investigation! I am testing if it is fixing a problem for zlib 1.2.11!

Instructions: 
1. Analyze the content and the attribute description.
2. Determine if the content accurately reflects the intended quality attribute in this context.
3. If it does, label it as `true_positive: true`; if not, mark it as a `true_positive: false`.
4. If the content consists only of logs with no other text, mark it as a `true_positive: false`. 
4. If the content partially consists of logs, focus on analyzing remaining text. 
5. Add `reasoning` why the content is a true or false positive.
",True,"The content refers to testing a specific problem with zlib 1.2.11, which aligns with testability as it involves actively validating functionality through testing processes. The mention of 'fixing a problem' suggests an attempt to resolve an issue, which is a common aspect of software validation and testing."
Testability,"@vgvassilev Thanks for review.; To split it on logical PRs will create a mess - there are ~10-20 missing dependencies, wrong includes, wrong sub-class usages. It will be a lot of work. I really appreciate if we can merge it as is and probably face few minor issues in next days. It will be much more productive",log,MatchSource.ISSUE_COMMENT,root-project,root,v6-32-06,https://github.com/root-project/root/pull/5181#issuecomment-603731782:47,logical,47,https://root.cern,https://github.com/root-project/root/pull/5181#issuecomment-603731782,1,['log'],['logical'],"The ease of validating software functionality through testing, enabling fault detection. This includes controlling and observing the system’s state, reducing complexity, and facilitating the creation of test cases and oracles.","
You are an expert in evaluating and categorizing quality attributes in software engineering. You possess the necessary skills to distinguish sentences that clearly relate to a given quality attribute from those that do not. 

Evaluate whether the content accurately aligns with its associated quality attribute, given the context provided. Your goal is to determine if the content makes sense in relation to the quality attribute description or if it is a false positive.

Data:

Quality Attribute: Testability
Attribute Description: The ease of validating software functionality through testing, enabling fault detection. This includes controlling and observing the system’s state, reducing complexity, and facilitating the creation of test cases and oracles.
Content: @vgvassilev Thanks for review.; To split it on logical PRs will create a mess - there are ~10-20 missing dependencies, wrong includes, wrong sub-class usages. It will be a lot of work. I really appreciate if we can merge it as is and probably face few minor issues in next days. It will be much more productive

Instructions: 
1. Analyze the content and the attribute description.
2. Determine if the content accurately reflects the intended quality attribute in this context.
3. If it does, label it as `true_positive: true`; if not, mark it as a `true_positive: false`.
4. If the content consists only of logs with no other text, mark it as a `true_positive: false`. 
4. If the content partially consists of logs, focus on analyzing remaining text. 
5. Add `reasoning` why the content is a true or false positive.
",False,"The content provided includes a message about code review and merging changes with potential issues. However, it does not directly discuss testing or testability. Instead, it focuses on code structure and dependency management, which are more related to other quality attributes such as maintainability or modularity rather than testability. Therefore, the content does not accurately reflect the Testability quality attribute."
Testability,@vgvassilev The fix for the CUDA support is ready and all CUDA tests passes. You can find it here: https://github.com/SimeonEhrig/root/commit/b683be20d3e8f08ad6bb8f484bdb2a978a8450cc. It is on the branch [fixCUDAllvm13](https://github.com/SimeonEhrig/root/tree/fixCUDAllvm13) in my root fork.,test,MatchSource.ISSUE_COMMENT,root-project,root,v6-32-06,https://github.com/root-project/root/pull/10294#issuecomment-1196606010:63,tests,63,https://root.cern,https://github.com/root-project/root/pull/10294#issuecomment-1196606010,1,['test'],['tests'],"The ease of validating software functionality through testing, enabling fault detection. This includes controlling and observing the system’s state, reducing complexity, and facilitating the creation of test cases and oracles.","
You are an expert in evaluating and categorizing quality attributes in software engineering. You possess the necessary skills to distinguish sentences that clearly relate to a given quality attribute from those that do not. 

Evaluate whether the content accurately aligns with its associated quality attribute, given the context provided. Your goal is to determine if the content makes sense in relation to the quality attribute description or if it is a false positive.

Data:

Quality Attribute: Testability
Attribute Description: The ease of validating software functionality through testing, enabling fault detection. This includes controlling and observing the system’s state, reducing complexity, and facilitating the creation of test cases and oracles.
Content: @vgvassilev The fix for the CUDA support is ready and all CUDA tests passes. You can find it here: https://github.com/SimeonEhrig/root/commit/b683be20d3e8f08ad6bb8f484bdb2a978a8450cc. It is on the branch [fixCUDAllvm13](https://github.com/SimeonEhrig/root/tree/fixCUDAllvm13) in my root fork.

Instructions: 
1. Analyze the content and the attribute description.
2. Determine if the content accurately reflects the intended quality attribute in this context.
3. If it does, label it as `true_positive: true`; if not, mark it as a `true_positive: false`.
4. If the content consists only of logs with no other text, mark it as a `true_positive: false`. 
4. If the content partially consists of logs, focus on analyzing remaining text. 
5. Add `reasoning` why the content is a true or false positive.
",False,"The content discusses the fixing of CUDA support and mentions that all tests pass, which relates to ensuring software functionality through testing. However, it specifically references the fixing process rather than validation during testing itself. While it touches on test results, it's more about the fix implementation than demonstrating testability in terms of validation."
Testability,@vgvassilev The installation with LLVM Debug is there now; ```; $ source /cvmfs/sft-nightlies.cern.ch/lcg/views/dev3debug/latest/x86_64-el9-gcc13-dbg/setup.sh; $ grep LLVM /cvmfs/sft-nightlies.cern.ch/lcg/nightlies/dev3debug/Sun/ROOT/HEAD/x86_64-el9-gcc13-dbg/logs/ROOT-HEAD-configure.log; -- Building LLVM in 'Debug' mode.; -- LLVM host triple: x86_64-unknown-linux-gnu; -- LLVM default target triple: x86_64-unknown-linux-gnu; ```,log,MatchSource.ISSUE_COMMENT,root-project,root,v6-32-06,https://github.com/root-project/root/issues/14964#issuecomment-2016721218:260,logs,260,https://root.cern,https://github.com/root-project/root/issues/14964#issuecomment-2016721218,2,['log'],"['log', 'logs']","The ease of validating software functionality through testing, enabling fault detection. This includes controlling and observing the system’s state, reducing complexity, and facilitating the creation of test cases and oracles.","
You are an expert in evaluating and categorizing quality attributes in software engineering. You possess the necessary skills to distinguish sentences that clearly relate to a given quality attribute from those that do not. 

Evaluate whether the content accurately aligns with its associated quality attribute, given the context provided. Your goal is to determine if the content makes sense in relation to the quality attribute description or if it is a false positive.

Data:

Quality Attribute: Testability
Attribute Description: The ease of validating software functionality through testing, enabling fault detection. This includes controlling and observing the system’s state, reducing complexity, and facilitating the creation of test cases and oracles.
Content: @vgvassilev The installation with LLVM Debug is there now; ```; $ source /cvmfs/sft-nightlies.cern.ch/lcg/views/dev3debug/latest/x86_64-el9-gcc13-dbg/setup.sh; $ grep LLVM /cvmfs/sft-nightlies.cern.ch/lcg/nightlies/dev3debug/Sun/ROOT/HEAD/x86_64-el9-gcc13-dbg/logs/ROOT-HEAD-configure.log; -- Building LLVM in 'Debug' mode.; -- LLVM host triple: x86_64-unknown-linux-gnu; -- LLVM default target triple: x86_64-unknown-linux-gnu; ```

Instructions: 
1. Analyze the content and the attribute description.
2. Determine if the content accurately reflects the intended quality attribute in this context.
3. If it does, label it as `true_positive: true`; if not, mark it as a `true_positive: false`.
4. If the content consists only of logs with no other text, mark it as a `true_positive: false`. 
4. If the content partially consists of logs, focus on analyzing remaining text. 
5. Add `reasoning` why the content is a true or false positive.
",False,"The provided content includes log snippets related to LLVM installation and debugging setup, which doesn't directly relate to testability. Testability involves aspects like creating test cases and ensuring coverage, whereas this content focuses on system configuration and build steps."
Testability,@vgvassilev The test now passes on all platforms. Let me know what you think about the commit and if we can merge this PR,test,MatchSource.ISSUE_COMMENT,root-project,root,v6-32-06,https://github.com/root-project/root/pull/14358#issuecomment-1895295017:16,test,16,https://root.cern,https://github.com/root-project/root/pull/14358#issuecomment-1895295017,1,['test'],['test'],"The ease of validating software functionality through testing, enabling fault detection. This includes controlling and observing the system’s state, reducing complexity, and facilitating the creation of test cases and oracles.","
You are an expert in evaluating and categorizing quality attributes in software engineering. You possess the necessary skills to distinguish sentences that clearly relate to a given quality attribute from those that do not. 

Evaluate whether the content accurately aligns with its associated quality attribute, given the context provided. Your goal is to determine if the content makes sense in relation to the quality attribute description or if it is a false positive.

Data:

Quality Attribute: Testability
Attribute Description: The ease of validating software functionality through testing, enabling fault detection. This includes controlling and observing the system’s state, reducing complexity, and facilitating the creation of test cases and oracles.
Content: @vgvassilev The test now passes on all platforms. Let me know what you think about the commit and if we can merge this PR

Instructions: 
1. Analyze the content and the attribute description.
2. Determine if the content accurately reflects the intended quality attribute in this context.
3. If it does, label it as `true_positive: true`; if not, mark it as a `true_positive: false`.
4. If the content consists only of logs with no other text, mark it as a `true_positive: false`. 
4. If the content partially consists of logs, focus on analyzing remaining text. 
5. Add `reasoning` why the content is a true or false positive.
",False,"The content mentions that a test passes on all platforms, which relates to testing success and thus contributes to testability by ensuring functionality across different environments. However, the context provided focuses more on the outcome of a test rather than the process of validation or fault detection. While it does touch upon test results, it doesn't directly address aspects like creating test cases or controlling system states as described in the attribute."
Testability,@vgvassilev What as the purpose of test/CodeUnloading/RunAgainstClangTestSuite ?,test,MatchSource.ISSUE_COMMENT,root-project,root,v6-32-06,https://github.com/root-project/root/pull/16258#issuecomment-2293947052:35,test,35,https://root.cern,https://github.com/root-project/root/pull/16258#issuecomment-2293947052,1,['test'],['test'],"The ease of validating software functionality through testing, enabling fault detection. This includes controlling and observing the system’s state, reducing complexity, and facilitating the creation of test cases and oracles.","
You are an expert in evaluating and categorizing quality attributes in software engineering. You possess the necessary skills to distinguish sentences that clearly relate to a given quality attribute from those that do not. 

Evaluate whether the content accurately aligns with its associated quality attribute, given the context provided. Your goal is to determine if the content makes sense in relation to the quality attribute description or if it is a false positive.

Data:

Quality Attribute: Testability
Attribute Description: The ease of validating software functionality through testing, enabling fault detection. This includes controlling and observing the system’s state, reducing complexity, and facilitating the creation of test cases and oracles.
Content: @vgvassilev What as the purpose of test/CodeUnloading/RunAgainstClangTestSuite ?

Instructions: 
1. Analyze the content and the attribute description.
2. Determine if the content accurately reflects the intended quality attribute in this context.
3. If it does, label it as `true_positive: true`; if not, mark it as a `true_positive: false`.
4. If the content consists only of logs with no other text, mark it as a `true_positive: false`. 
4. If the content partially consists of logs, focus on analyzing remaining text. 
5. Add `reasoning` why the content is a true or false positive.
",True,"The content includes a query regarding the purpose of 'test/CodeUnloading/RunAgainstClangTestSuite'. This relates to understanding and verifying software components through testing, which ties into Testability by enabling validation of functionality."
Testability,"@vgvassilev as I wrote on Mattermost, this change was particularly written to address Jun's problem. `roottest-root-html-runMakeIndex` is a separate thing that needs addressing anyhow; it's only now visible because all the other failures are gone. FWIW I don't agree that the workarounds (hacks) introduced in https://github.com/root-project/root/pull/10910 are a good way to go, as shown by the many failing tests. The scope of the changes is too big and there are valid reasons to do something with `Decl`s currently being defined, as evidenced by the many failing tests. Adding more conditions will eventually only lead to internally inconsistent states...",test,MatchSource.ISSUE_COMMENT,root-project,root,v6-32-06,https://github.com/root-project/root/pull/11514#issuecomment-1272983808:409,tests,409,https://root.cern,https://github.com/root-project/root/pull/11514#issuecomment-1272983808,2,['test'],['tests'],"The ease of validating software functionality through testing, enabling fault detection. This includes controlling and observing the system’s state, reducing complexity, and facilitating the creation of test cases and oracles.","
You are an expert in evaluating and categorizing quality attributes in software engineering. You possess the necessary skills to distinguish sentences that clearly relate to a given quality attribute from those that do not. 

Evaluate whether the content accurately aligns with its associated quality attribute, given the context provided. Your goal is to determine if the content makes sense in relation to the quality attribute description or if it is a false positive.

Data:

Quality Attribute: Testability
Attribute Description: The ease of validating software functionality through testing, enabling fault detection. This includes controlling and observing the system’s state, reducing complexity, and facilitating the creation of test cases and oracles.
Content: @vgvassilev as I wrote on Mattermost, this change was particularly written to address Jun's problem. `roottest-root-html-runMakeIndex` is a separate thing that needs addressing anyhow; it's only now visible because all the other failures are gone. FWIW I don't agree that the workarounds (hacks) introduced in https://github.com/root-project/root/pull/10910 are a good way to go, as shown by the many failing tests. The scope of the changes is too big and there are valid reasons to do something with `Decl`s currently being defined, as evidenced by the many failing tests. Adding more conditions will eventually only lead to internally inconsistent states...

Instructions: 
1. Analyze the content and the attribute description.
2. Determine if the content accurately reflects the intended quality attribute in this context.
3. If it does, label it as `true_positive: true`; if not, mark it as a `true_positive: false`.
4. If the content consists only of logs with no other text, mark it as a `true_positive: false`. 
4. If the content partially consists of logs, focus on analyzing remaining text. 
5. Add `reasoning` why the content is a true or false positive.
",True,The provided content discusses the problems related to failing tests and suggests that certain changes might not be the best approach. This aligns with testability as it deals with identifying issues in the software through testing.
Testability,"@vgvassilev can you make that a PR / ready to review when it's passing the tests, please? And for our CI infra's occupancy and energy consumption / global warming it actually helps if you could just run roottest on your machine before submitting a PR, at least for non-trivial changes.",test,MatchSource.ISSUE_COMMENT,root-project,root,v6-32-06,https://github.com/root-project/root/pull/10850#issuecomment-1170218382:75,tests,75,https://root.cern,https://github.com/root-project/root/pull/10850#issuecomment-1170218382,1,['test'],['tests'],"The ease of validating software functionality through testing, enabling fault detection. This includes controlling and observing the system’s state, reducing complexity, and facilitating the creation of test cases and oracles.","
You are an expert in evaluating and categorizing quality attributes in software engineering. You possess the necessary skills to distinguish sentences that clearly relate to a given quality attribute from those that do not. 

Evaluate whether the content accurately aligns with its associated quality attribute, given the context provided. Your goal is to determine if the content makes sense in relation to the quality attribute description or if it is a false positive.

Data:

Quality Attribute: Testability
Attribute Description: The ease of validating software functionality through testing, enabling fault detection. This includes controlling and observing the system’s state, reducing complexity, and facilitating the creation of test cases and oracles.
Content: @vgvassilev can you make that a PR / ready to review when it's passing the tests, please? And for our CI infra's occupancy and energy consumption / global warming it actually helps if you could just run roottest on your machine before submitting a PR, at least for non-trivial changes.

Instructions: 
1. Analyze the content and the attribute description.
2. Determine if the content accurately reflects the intended quality attribute in this context.
3. If it does, label it as `true_positive: true`; if not, mark it as a `true_positive: false`.
4. If the content consists only of logs with no other text, mark it as a `true_positive: false`. 
4. If the content partially consists of logs, focus on analyzing remaining text. 
5. Add `reasoning` why the content is a true or false positive.
",True,"The content involves a request to create a PR that passes tests and includes instructions for running tests before submission. This aligns with testability by ensuring that changes are validated through testing, which is a key aspect of Testability."
Testability,"@vgvassilev do we need this open, are there followups to the failing tests?",test,MatchSource.ISSUE_COMMENT,root-project,root,v6-32-06,https://github.com/root-project/root/pull/14165#issuecomment-1896037872:69,tests,69,https://root.cern,https://github.com/root-project/root/pull/14165#issuecomment-1896037872,1,['test'],['tests'],"The ease of validating software functionality through testing, enabling fault detection. This includes controlling and observing the system’s state, reducing complexity, and facilitating the creation of test cases and oracles.","
You are an expert in evaluating and categorizing quality attributes in software engineering. You possess the necessary skills to distinguish sentences that clearly relate to a given quality attribute from those that do not. 

Evaluate whether the content accurately aligns with its associated quality attribute, given the context provided. Your goal is to determine if the content makes sense in relation to the quality attribute description or if it is a false positive.

Data:

Quality Attribute: Testability
Attribute Description: The ease of validating software functionality through testing, enabling fault detection. This includes controlling and observing the system’s state, reducing complexity, and facilitating the creation of test cases and oracles.
Content: @vgvassilev do we need this open, are there followups to the failing tests?

Instructions: 
1. Analyze the content and the attribute description.
2. Determine if the content accurately reflects the intended quality attribute in this context.
3. If it does, label it as `true_positive: true`; if not, mark it as a `true_positive: false`.
4. If the content consists only of logs with no other text, mark it as a `true_positive: false`. 
4. If the content partially consists of logs, focus on analyzing remaining text. 
5. Add `reasoning` why the content is a true or false positive.
",True,"The content discusses follow-ups to failing tests, which directly relates to testability as it involves addressing issues identified during testing and ensuring they are resolved."
Testability,"@vgvassilev do you know why the roottest branch from https://github.com/root-project/roottest/pull/235 is not picked up here? Extract from the log:; ```; Checking out Revision 2a4cfad9b3bfb6d868786869689740f643166317 (origin/master); > git config core.sparsecheckout # timeout=10; > git checkout -f 2a4cfad9b3bfb6d868786869689740f643166317; > git branch -a -v --no-abbrev # timeout=10; > git branch -D master # timeout=10; > git checkout -b master 2a4cfad9b3bfb6d868786869689740f643166317; Commit message: ""Adding dependency for slavedict generation on masterdict""; ```",log,MatchSource.ISSUE_COMMENT,root-project,root,v6-32-06,https://github.com/root-project/root/pull/2775#issuecomment-429016900:143,log,143,https://root.cern,https://github.com/root-project/root/pull/2775#issuecomment-429016900,1,['log'],['log'],"The ease of validating software functionality through testing, enabling fault detection. This includes controlling and observing the system’s state, reducing complexity, and facilitating the creation of test cases and oracles.","
You are an expert in evaluating and categorizing quality attributes in software engineering. You possess the necessary skills to distinguish sentences that clearly relate to a given quality attribute from those that do not. 

Evaluate whether the content accurately aligns with its associated quality attribute, given the context provided. Your goal is to determine if the content makes sense in relation to the quality attribute description or if it is a false positive.

Data:

Quality Attribute: Testability
Attribute Description: The ease of validating software functionality through testing, enabling fault detection. This includes controlling and observing the system’s state, reducing complexity, and facilitating the creation of test cases and oracles.
Content: @vgvassilev do you know why the roottest branch from https://github.com/root-project/roottest/pull/235 is not picked up here? Extract from the log:; ```; Checking out Revision 2a4cfad9b3bfb6d868786869689740f643166317 (origin/master); > git config core.sparsecheckout # timeout=10; > git checkout -f 2a4cfad9b3bfb6d868786869689740f643166317; > git branch -a -v --no-abbrev # timeout=10; > git branch -D master # timeout=10; > git checkout -b master 2a4cfad9b3bfb6d868786869689740f643166317; Commit message: ""Adding dependency for slavedict generation on masterdict""; ```

Instructions: 
1. Analyze the content and the attribute description.
2. Determine if the content accurately reflects the intended quality attribute in this context.
3. If it does, label it as `true_positive: true`; if not, mark it as a `true_positive: false`.
4. If the content consists only of logs with no other text, mark it as a `true_positive: false`. 
4. If the content partially consists of logs, focus on analyzing remaining text. 
5. Add `reasoning` why the content is a true or false positive.
",False,"The content provided includes log snippets from a git checkout process, such as checking out a specific commit and creating a new branch. While these are technical operations, they don't directly relate to testability, which concerns how well software can be tested for functionality. The log entries describe version control actions rather than discussing testing methods or processes. Therefore, the content does not accurately reflect the quality attribute of Testability."
Testability,@vgvassilev great idea. I think triggering the tests only if something in that dir changes is perfectly possible. Do you have some starting point which can be taken as example to build a GH workflow to run on the ROOT infra?,test,MatchSource.ISSUE_COMMENT,root-project,root,v6-32-06,https://github.com/root-project/root/issues/14972#issuecomment-1998002993:47,tests,47,https://root.cern,https://github.com/root-project/root/issues/14972#issuecomment-1998002993,1,['test'],['tests'],"The ease of validating software functionality through testing, enabling fault detection. This includes controlling and observing the system’s state, reducing complexity, and facilitating the creation of test cases and oracles.","
You are an expert in evaluating and categorizing quality attributes in software engineering. You possess the necessary skills to distinguish sentences that clearly relate to a given quality attribute from those that do not. 

Evaluate whether the content accurately aligns with its associated quality attribute, given the context provided. Your goal is to determine if the content makes sense in relation to the quality attribute description or if it is a false positive.

Data:

Quality Attribute: Testability
Attribute Description: The ease of validating software functionality through testing, enabling fault detection. This includes controlling and observing the system’s state, reducing complexity, and facilitating the creation of test cases and oracles.
Content: @vgvassilev great idea. I think triggering the tests only if something in that dir changes is perfectly possible. Do you have some starting point which can be taken as example to build a GH workflow to run on the ROOT infra?

Instructions: 
1. Analyze the content and the attribute description.
2. Determine if the content accurately reflects the intended quality attribute in this context.
3. If it does, label it as `true_positive: true`; if not, mark it as a `true_positive: false`.
4. If the content consists only of logs with no other text, mark it as a `true_positive: false`. 
4. If the content partially consists of logs, focus on analyzing remaining text. 
5. Add `reasoning` why the content is a true or false positive.
",True,"The content discusses setting up a workflow in GitHub to trigger tests only when something in a specific directory changes. This involves automating test execution based on code changes, which directly relates to testability by ensuring that tests are run efficiently and consistently. The mention of 'ROOT infra' likely refers to the infrastructure, indicating an automated testing setup. Therefore, this aligns with the quality attribute of Testability."
Testability,"@vgvassilev how did you address the comment https://github.com/root-project/root/pull/1787#pullrequestreview-106971834 by @pcanal:; > Please make sure that this does not hide a missing feature in GetFullyQualifiedType which is supposed to already have built-in the full qualification. I am collecting a set of tests (failures) of the clang version of `GetFullyQualifiedName`. Adding ""your cases"" to that list might be a way of addressing Philippe's comment. Do you have such test cases?",test,MatchSource.ISSUE_COMMENT,root-project,root,v6-32-06,https://github.com/root-project/root/pull/1787#issuecomment-383011266:310,tests,310,https://root.cern,https://github.com/root-project/root/pull/1787#issuecomment-383011266,2,['test'],"['test', 'tests']","The ease of validating software functionality through testing, enabling fault detection. This includes controlling and observing the system’s state, reducing complexity, and facilitating the creation of test cases and oracles.","
You are an expert in evaluating and categorizing quality attributes in software engineering. You possess the necessary skills to distinguish sentences that clearly relate to a given quality attribute from those that do not. 

Evaluate whether the content accurately aligns with its associated quality attribute, given the context provided. Your goal is to determine if the content makes sense in relation to the quality attribute description or if it is a false positive.

Data:

Quality Attribute: Testability
Attribute Description: The ease of validating software functionality through testing, enabling fault detection. This includes controlling and observing the system’s state, reducing complexity, and facilitating the creation of test cases and oracles.
Content: @vgvassilev how did you address the comment https://github.com/root-project/root/pull/1787#pullrequestreview-106971834 by @pcanal:; > Please make sure that this does not hide a missing feature in GetFullyQualifiedType which is supposed to already have built-in the full qualification. I am collecting a set of tests (failures) of the clang version of `GetFullyQualifiedName`. Adding ""your cases"" to that list might be a way of addressing Philippe's comment. Do you have such test cases?

Instructions: 
1. Analyze the content and the attribute description.
2. Determine if the content accurately reflects the intended quality attribute in this context.
3. If it does, label it as `true_positive: true`; if not, mark it as a `true_positive: false`.
4. If the content consists only of logs with no other text, mark it as a `true_positive: false`. 
4. If the content partially consists of logs, focus on analyzing remaining text. 
5. Add `reasoning` why the content is a true or false positive.
",True,"The content discusses adding test cases to validate functionality related to `GetFullyQualifiedName`, which aligns with Testability by enabling validation through testing and fault detection."
Testability,@vgvassilev nice job. The benchmark I have creating hundreds of histos relying on jitting takes w/o this patch 12s and 3s w/ it. For me the code good to be merged.,benchmark,MatchSource.ISSUE_COMMENT,root-project,root,v6-32-06,https://github.com/root-project/root/pull/1211#issuecomment-338157762:26,benchmark,26,https://root.cern,https://github.com/root-project/root/pull/1211#issuecomment-338157762,1,['benchmark'],['benchmark'],"The ease of validating software functionality through testing, enabling fault detection. This includes controlling and observing the system’s state, reducing complexity, and facilitating the creation of test cases and oracles.","
You are an expert in evaluating and categorizing quality attributes in software engineering. You possess the necessary skills to distinguish sentences that clearly relate to a given quality attribute from those that do not. 

Evaluate whether the content accurately aligns with its associated quality attribute, given the context provided. Your goal is to determine if the content makes sense in relation to the quality attribute description or if it is a false positive.

Data:

Quality Attribute: Testability
Attribute Description: The ease of validating software functionality through testing, enabling fault detection. This includes controlling and observing the system’s state, reducing complexity, and facilitating the creation of test cases and oracles.
Content: @vgvassilev nice job. The benchmark I have creating hundreds of histos relying on jitting takes w/o this patch 12s and 3s w/ it. For me the code good to be merged.

Instructions: 
1. Analyze the content and the attribute description.
2. Determine if the content accurately reflects the intended quality attribute in this context.
3. If it does, label it as `true_positive: true`; if not, mark it as a `true_positive: false`.
4. If the content consists only of logs with no other text, mark it as a `true_positive: false`. 
4. If the content partially consists of logs, focus on analyzing remaining text. 
5. Add `reasoning` why the content is a true or false positive.
",False,"The content provided includes technical details about performance improvements through a patch. It mentions reducing time from 12s to 3s when the patch is applied, which suggests that this patch improves efficiency and may indirectly relate to testability by making testing processes faster. However, the connection between the patch and testability isn't explicit. The content doesn’t directly discuss how the system’s functionality is validated through testing or fault detection. It's more focused on performance metrics rather than the actual testing mechanisms. Therefore, this content does not accurately reflect Testability."
Testability,"@vgvassilev not sure what you expect here - gdb doesn't print `StringRef` etc, so maybe a 2 line patch that prints this before asserting would be more constructive?. I've lowered this to ""default priority"" because it likely affects only current libc++ - and that's a very rare environment. We cannot block 6.26/06 because of this issue.",assert,MatchSource.ISSUE_COMMENT,root-project,root,v6-32-06,https://github.com/root-project/root/issues/10861#issuecomment-1195579174:127,asserting,127,https://root.cern,https://github.com/root-project/root/issues/10861#issuecomment-1195579174,1,['assert'],['asserting'],"The ease of validating software functionality through testing, enabling fault detection. This includes controlling and observing the system’s state, reducing complexity, and facilitating the creation of test cases and oracles.","
You are an expert in evaluating and categorizing quality attributes in software engineering. You possess the necessary skills to distinguish sentences that clearly relate to a given quality attribute from those that do not. 

Evaluate whether the content accurately aligns with its associated quality attribute, given the context provided. Your goal is to determine if the content makes sense in relation to the quality attribute description or if it is a false positive.

Data:

Quality Attribute: Testability
Attribute Description: The ease of validating software functionality through testing, enabling fault detection. This includes controlling and observing the system’s state, reducing complexity, and facilitating the creation of test cases and oracles.
Content: @vgvassilev not sure what you expect here - gdb doesn't print `StringRef` etc, so maybe a 2 line patch that prints this before asserting would be more constructive?. I've lowered this to ""default priority"" because it likely affects only current libc++ - and that's a very rare environment. We cannot block 6.26/06 because of this issue.

Instructions: 
1. Analyze the content and the attribute description.
2. Determine if the content accurately reflects the intended quality attribute in this context.
3. If it does, label it as `true_positive: true`; if not, mark it as a `true_positive: false`.
4. If the content consists only of logs with no other text, mark it as a `true_positive: false`. 
4. If the content partially consists of logs, focus on analyzing remaining text. 
5. Add `reasoning` why the content is a true or false positive.
",True,"The content discusses potential testing scenarios and considerations for validation, which directly relates to testability by addressing how functionality can be tested and validated through specific actions."
